Run	bases	avgLength	InsertSize	LibraryStrategy	LibrarySelection	LibrarySource	LibraryLayout	Platform	BioProject	BioSample	ScientificName	CenterName	Consent
ERR4291956	56602612872	300	300	WGS	RANDOM	GENOMIC	PAIRED	ILLUMINA	PRJEB18113	SAMEA7015108	Bos taurus	INSTITUTE OF GENETICS, UNIVERSITY OF BERN, SWITZER	public
ERR3890047	48156850513	300	300	WGS	RANDOM	GENOMIC	PAIRED	ILLUMINA	PRJEB18113	SAMEA6528895	Bos taurus	INSTITUTE OF GENETICS, UNIVERSITY OF BERN, SWITZER	public
ERR3890046	58712820811	300	300	WGS	RANDOM	GENOMIC	PAIRED	ILLUMINA	PRJEB18113	SAMEA6528894	Bos taurus	INSTITUTE OF GENETICS, UNIVERSITY OF BERN, SWITZER	public
ERR3890045	13231349940	300	300	WGS	RANDOM	GENOMIC	PAIRED	ILLUMINA	PRJEB18113	SAMEA6528893	Bos taurus	INSTITUTE OF GENETICS, UNIVERSITY OF BERN, SWITZER	public
ERR3890044	67323348275	300	300	WGS	RANDOM	GENOMIC	PAIRED	ILLUMINA	PRJEB18113	SAMEA6528892	Bos taurus	INSTITUTE OF GENETICS, UNIVERSITY OF BERN, SWITZER	public
ERR3890043	75938892996	300	300	WGS	RANDOM	GENOMIC	PAIRED	ILLUMINA	PRJEB18113	SAMEA6528891	Bos taurus	INSTITUTE OF GENETICS, UNIVERSITY OF BERN, SWITZER	public
ERR3890042	54711103596	300	300	WGS	RANDOM	GENOMIC	PAIRED	ILLUMINA	PRJEB18113	SAMEA6528890	Bos taurus	INSTITUTE OF GENETICS, UNIVERSITY OF BERN, SWITZER	public
ERR3890041	57384258482	300	300	WGS	RANDOM	GENOMIC	PAIRED	ILLUMINA	PRJEB18113	SAMEA6528889	Bos taurus	INSTITUTE OF GENETICS, UNIVERSITY OF BERN, SWITZER	public
ERR3890040	51237434118	300	300	WGS	RANDOM	GENOMIC	PAIRED	ILLUMINA	PRJEB18113	SAMEA6528888	Bos taurus	INSTITUTE OF GENETICS, UNIVERSITY OF BERN, SWITZER	public
ERR3890039	65815790433	296	300	WGS	RANDOM	GENOMIC	PAIRED	ILLUMINA	PRJEB18113	SAMEA6528887	Bos taurus	INSTITUTE OF GENETICS, UNIVERSITY OF BERN, SWITZER	public
ERR3890038	78385693257	300	300	WGS	RANDOM	GENOMIC	PAIRED	ILLUMINA	PRJEB18113	SAMEA6528886	Bos taurus	INSTITUTE OF GENETICS, UNIVERSITY OF BERN, SWITZER	public
ERR3700346	165584492040	302	400	WGS	RANDOM	GENOMIC	PAIRED	ILLUMINA	PRJEB28191	SAMEA6272127	Bos taurus	ETH ZURICH	public
ERR3700345	192500127582	302	400	WGS	RANDOM	GENOMIC	PAIRED	ILLUMINA	PRJEB28191	SAMEA6272126	Bos taurus	ETH ZURICH	public
ERR3700344	72901357648	302	400	WGS	RANDOM	GENOMIC	PAIRED	ILLUMINA	PRJEB28191	SAMEA6272125	Bos taurus	ETH ZURICH	public
ERR3700343	58195303058	302	400	WGS	RANDOM	GENOMIC	PAIRED	ILLUMINA	PRJEB28191	SAMEA6272124	Bos taurus	ETH ZURICH	public
ERR3700342	51734534914	302	400	WGS	RANDOM	GENOMIC	PAIRED	ILLUMINA	PRJEB28191	SAMEA6272123	Bos taurus	ETH ZURICH	public
ERR3700341	56008287612	302	400	WGS	RANDOM	GENOMIC	PAIRED	ILLUMINA	PRJEB28191	SAMEA6272122	Bos taurus	ETH ZURICH	public
ERR3700340	54383574120	302	400	WGS	RANDOM	GENOMIC	PAIRED	ILLUMINA	PRJEB28191	SAMEA6272121	Bos taurus	ETH ZURICH	public
ERR3700339	56756290574	302	400	WGS	RANDOM	GENOMIC	PAIRED	ILLUMINA	PRJEB28191	SAMEA6272120	Bos taurus	ETH ZURICH	public
ERR3700338	60578964294	302	400	WGS	RANDOM	GENOMIC	PAIRED	ILLUMINA	PRJEB28191	SAMEA6272119	Bos taurus	ETH ZURICH	public
ERR3700337	56807888180	302	400	WGS	RANDOM	GENOMIC	PAIRED	ILLUMINA	PRJEB28191	SAMEA6272118	Bos taurus	ETH ZURICH	public
ERR3700336	39488813018	302	400	WGS	RANDOM	GENOMIC	PAIRED	ILLUMINA	PRJEB28191	SAMEA6272117	Bos taurus	ETH ZURICH	public
ERR3700334	35258949900	300	400	WGS	RANDOM	GENOMIC	PAIRED	ILLUMINA	PRJEB28191	SAMEA6272115	Bos taurus	ETH ZURICH	public
ERR3700333	32421057000	300	400	WGS	RANDOM	GENOMIC	PAIRED	ILLUMINA	PRJEB28191	SAMEA6272114	Bos taurus	ETH ZURICH	public
ERR3700332	45081348000	300	400	WGS	RANDOM	GENOMIC	PAIRED	ILLUMINA	PRJEB28191	SAMEA6272113	Bos taurus	ETH ZURICH	public
ERR3700331	39736510500	300	400	WGS	RANDOM	GENOMIC	PAIRED	ILLUMINA	PRJEB28191	SAMEA6272112	Bos taurus	ETH ZURICH	public
ERR3700329	32873089200	300	400	WGS	RANDOM	GENOMIC	PAIRED	ILLUMINA	PRJEB28191	SAMEA6272110	Bos taurus	ETH ZURICH	public
ERR3700328	33193853700	300	400	WGS	RANDOM	GENOMIC	PAIRED	ILLUMINA	PRJEB28191	SAMEA6272109	Bos taurus	ETH ZURICH	public
ERR3700326	42850523100	300	400	WGS	RANDOM	GENOMIC	PAIRED	ILLUMINA	PRJEB28191	SAMEA6272107	Bos taurus	ETH ZURICH	public
ERR3700322	37227858300	300	400	WGS	RANDOM	GENOMIC	PAIRED	ILLUMINA	PRJEB28191	SAMEA6272103	Bos taurus	ETH ZURICH	public
ERR3700321	30241580700	300	400	WGS	RANDOM	GENOMIC	PAIRED	ILLUMINA	PRJEB28191	SAMEA6272102	Bos taurus	ETH ZURICH	public
ERR3700319	35721520800	300	400	WGS	RANDOM	GENOMIC	PAIRED	ILLUMINA	PRJEB28191	SAMEA6272100	Bos taurus	ETH ZURICH	public
ERR3700313	34477327800	300	400	WGS	RANDOM	GENOMIC	PAIRED	ILLUMINA	PRJEB28191	SAMEA6272094	Bos taurus	ETH ZURICH	public
ERR3700312	47929816800	300	400	WGS	RANDOM	GENOMIC	PAIRED	ILLUMINA	PRJEB28191	SAMEA6272093	Bos taurus	ETH ZURICH	public
ERR3700311	40000574700	300	400	WGS	RANDOM	GENOMIC	PAIRED	ILLUMINA	PRJEB28191	SAMEA6272092	Bos taurus	ETH ZURICH	public
ERR3700310	40423782000	300	400	WGS	RANDOM	GENOMIC	PAIRED	ILLUMINA	PRJEB28191	SAMEA6272091	Bos taurus	ETH ZURICH	public
ERR3700309	45935421000	300	400	WGS	RANDOM	GENOMIC	PAIRED	ILLUMINA	PRJEB28191	SAMEA6272090	Bos taurus	ETH ZURICH	public
ERR3700308	34517207100	300	400	WGS	RANDOM	GENOMIC	PAIRED	ILLUMINA	PRJEB28191	SAMEA6272089	Bos taurus	ETH ZURICH	public
ERR3700307	46311282000	300	400	WGS	RANDOM	GENOMIC	PAIRED	ILLUMINA	PRJEB28191	SAMEA6272088	Bos taurus	ETH ZURICH	public
ERR3700306	50837983200	300	400	WGS	RANDOM	GENOMIC	PAIRED	ILLUMINA	PRJEB28191	SAMEA6272087	Bos taurus	ETH ZURICH	public
ERR3700305	55059540300	300	400	WGS	RANDOM	GENOMIC	PAIRED	ILLUMINA	PRJEB28191	SAMEA6272086	Bos taurus	ETH ZURICH	public
ERR3700304	32652574200	300	400	WGS	RANDOM	GENOMIC	PAIRED	ILLUMINA	PRJEB28191	SAMEA6272085	Bos taurus	ETH ZURICH	public
ERR3700303	37078794430	302	400	WGS	RANDOM	GENOMIC	PAIRED	ILLUMINA	PRJEB28191	SAMEA6272084	Bos taurus	ETH ZURICH	public
ERR3700302	100405232716	302	400	WGS	RANDOM	GENOMIC	PAIRED	ILLUMINA	PRJEB28191	SAMEA6272083	Bos taurus	ETH ZURICH	public
ERR3700301	70884286360	302	400	WGS	RANDOM	GENOMIC	PAIRED	ILLUMINA	PRJEB28191	SAMEA6272082	Bos taurus	ETH ZURICH	public
ERR3374915	67939898818	298	300	WGS	RANDOM	GENOMIC	PAIRED	ILLUMINA	PRJEB18113	SAMEA5714975	Bos taurus	INSTITUTE OF GENETICS, UNIVERSITY OF BERN, SWITZER	public
ERR3374914	80311008879	300	300	WGS	RANDOM	GENOMIC	PAIRED	ILLUMINA	PRJEB18113	SAMEA5714974	Bos taurus	INSTITUTE OF GENETICS, UNIVERSITY OF BERN, SWITZER	public
ERR3374912	97647218156	300	300	WGS	RANDOM	GENOMIC	PAIRED	ILLUMINA	PRJEB18113	SAMEA5714972	Bos taurus	INSTITUTE OF GENETICS, UNIVERSITY OF BERN, SWITZER	public
ERR3278206	66465232967	300	300	WGS	RANDOM	GENOMIC	PAIRED	ILLUMINA	PRJEB18113	SAMEA5564728	Bos taurus	INSTITUTE OF GENETICS, UNIVERSITY OF BERN, SWITZER	public
ERR3278205	62440156259	300	300	WGS	RANDOM	GENOMIC	PAIRED	ILLUMINA	PRJEB18113	SAMEA5564727	Bos taurus	INSTITUTE OF GENETICS, UNIVERSITY OF BERN, SWITZER	public
ERR3278204	63976247032	300	300	WGS	RANDOM	GENOMIC	PAIRED	ILLUMINA	PRJEB18113	SAMEA5564726	Bos taurus	INSTITUTE OF GENETICS, UNIVERSITY OF BERN, SWITZER	public
ERR2985472	107276580916	300	300	WGS	RANDOM	GENOMIC	PAIRED	ILLUMINA	PRJEB18113	SAMEA5159886	Bos taurus	INSTITUTE OF GENETICS, UNIVERSITY OF BERN, SWITZER	public
ERR2985435	82235684656	300	300	WGS	RANDOM	GENOMIC	PAIRED	ILLUMINA	PRJEB18113	SAMEA5159850	Bos taurus	INSTITUTE OF GENETICS, UNIVERSITY OF BERN, SWITZER	public
ERR2985434	78002156737	300	300	WGS	RANDOM	GENOMIC	PAIRED	ILLUMINA	PRJEB18113	SAMEA5159849	Bos taurus	INSTITUTE OF GENETICS, UNIVERSITY OF BERN, SWITZER	public
ERR2985433	67164832369	300	300	WGS	RANDOM	GENOMIC	PAIRED	ILLUMINA	PRJEB18113	SAMEA5159848	Bos taurus	INSTITUTE OF GENETICS, UNIVERSITY OF BERN, SWITZER	public
ERR2985428	68438572254	300	300	WGS	RANDOM	GENOMIC	PAIRED	ILLUMINA	PRJEB18113	SAMEA5159843	Bos taurus	INSTITUTE OF GENETICS, UNIVERSITY OF BERN, SWITZER	public
ERR2985423	100318810593	300	300	WGS	RANDOM	GENOMIC	PAIRED	ILLUMINA	PRJEB18113	SAMEA5159837	Bos taurus	INSTITUTE OF GENETICS, UNIVERSITY OF BERN, SWITZER	public
ERR2985382	34545081490	197	300	WGS	RANDOM	GENOMIC	PAIRED	ILLUMINA	PRJEB18113	SAMEA5159796	Bos taurus	INSTITUTE OF GENETICS, UNIVERSITY OF BERN, SWITZER	public
ERR2985381	38017011185	197	300	WGS	RANDOM	GENOMIC	PAIRED	ILLUMINA	PRJEB18113	SAMEA5159795	Bos taurus	INSTITUTE OF GENETICS, UNIVERSITY OF BERN, SWITZER	public
ERR2985380	34481999589	197	300	WGS	RANDOM	GENOMIC	PAIRED	ILLUMINA	PRJEB18113	SAMEA5159794	Bos taurus	INSTITUTE OF GENETICS, UNIVERSITY OF BERN, SWITZER	public
ERR2985376	31760289033	198	300	WGS	RANDOM	GENOMIC	PAIRED	ILLUMINA	PRJEB18113	SAMEA5159790	Bos taurus	INSTITUTE OF GENETICS, UNIVERSITY OF BERN, SWITZER	public
ERR2985375	31258782195	198	300	WGS	RANDOM	GENOMIC	PAIRED	ILLUMINA	PRJEB18113	SAMEA5159789	Bos taurus	INSTITUTE OF GENETICS, UNIVERSITY OF BERN, SWITZER	public
ERR2985362	31424399148	194	300	WGS	RANDOM	GENOMIC	PAIRED	ILLUMINA	PRJEB18113	SAMEA5159776	Bos taurus	INSTITUTE OF GENETICS, UNIVERSITY OF BERN, SWITZER	public
ERR2985354	30643656694	189	300	WGS	RANDOM	GENOMIC	PAIRED	ILLUMINA	PRJEB18113	SAMEA5159768	Bos taurus	INSTITUTE OF GENETICS, UNIVERSITY OF BERN, SWITZER	public
ERR2985353	31248065315	196	300	WGS	RANDOM	GENOMIC	PAIRED	ILLUMINA	PRJEB18113	SAMEA5159767	Bos taurus	INSTITUTE OF GENETICS, UNIVERSITY OF BERN, SWITZER	public
ERR2865470	11017851044	301	450	WGS	RANDOM	GENOMIC	PAIRED	ILLUMINA	PRJEB28191	SAMEA5059759	Bos taurus	ETH ZURICH	public
ERR2865469	14103061696	301	450	WGS	RANDOM	GENOMIC	PAIRED	ILLUMINA	PRJEB28191	SAMEA5059758	Bos taurus	ETH ZURICH	public
ERR2865468	15904270596	301	450	WGS	RANDOM	GENOMIC	PAIRED	ILLUMINA	PRJEB28191	SAMEA5059757	Bos taurus	ETH ZURICH	public
ERR2865467	18453060110	301	450	WGS	RANDOM	GENOMIC	PAIRED	ILLUMINA	PRJEB28191	SAMEA5059756	Bos taurus	ETH ZURICH	public
ERR2865466	20774973958	301	450	WGS	RANDOM	GENOMIC	PAIRED	ILLUMINA	PRJEB28191	SAMEA5059755	Bos taurus	ETH ZURICH	public
ERR2865465	9647126802	301	450	WGS	RANDOM	GENOMIC	PAIRED	ILLUMINA	PRJEB28191	SAMEA5059754	Bos taurus	ETH ZURICH	public
ERR2865464	11577070644	301	450	WGS	RANDOM	GENOMIC	PAIRED	ILLUMINA	PRJEB28191	SAMEA5059753	Bos taurus	ETH ZURICH	public
ERR2865463	10771103116	301	450	WGS	RANDOM	GENOMIC	PAIRED	ILLUMINA	PRJEB28191	SAMEA5059752	Bos taurus	ETH ZURICH	public
ERR2865462	15476988436	301	450	WGS	RANDOM	GENOMIC	PAIRED	ILLUMINA	PRJEB28191	SAMEA5059751	Bos taurus	ETH ZURICH	public
ERR2865461	10812231468	301	450	WGS	RANDOM	GENOMIC	PAIRED	ILLUMINA	PRJEB28191	SAMEA5059750	Bos taurus	ETH ZURICH	public
ERR2865460	14393489352	301	450	WGS	RANDOM	GENOMIC	PAIRED	ILLUMINA	PRJEB28191	SAMEA5059749	Bos taurus	ETH ZURICH	public
ERR2865459	14071716946	301	450	WGS	RANDOM	GENOMIC	PAIRED	ILLUMINA	PRJEB28191	SAMEA5059748	Bos taurus	ETH ZURICH	public
ERR2865458	12701275384	301	450	WGS	RANDOM	GENOMIC	PAIRED	ILLUMINA	PRJEB28191	SAMEA5059747	Bos taurus	ETH ZURICH	public
ERR2865457	11896754380	301	450	WGS	RANDOM	GENOMIC	PAIRED	ILLUMINA	PRJEB28191	SAMEA5059746	Bos taurus	ETH ZURICH	public
ERR2865456	11950055430	301	450	WGS	RANDOM	GENOMIC	PAIRED	ILLUMINA	PRJEB28191	SAMEA5059745	Bos taurus	ETH ZURICH	public
ERR2865455	10895488516	301	450	WGS	RANDOM	GENOMIC	PAIRED	ILLUMINA	PRJEB28191	SAMEA5059744	Bos taurus	ETH ZURICH	public
ERR2865454	61741226636	301	450	WGS	RANDOM	GENOMIC	PAIRED	ILLUMINA	PRJEB28191	SAMEA5059743	Bos taurus	ETH ZURICH	public
ERR2865453	10348200450	301	450	WGS	RANDOM	GENOMIC	PAIRED	ILLUMINA	PRJEB28191	SAMEA5059742	Bos taurus	ETH ZURICH	public
ERR2865452	12635466450	301	450	WGS	RANDOM	GENOMIC	PAIRED	ILLUMINA	PRJEB28191	SAMEA5059741	Bos taurus	ETH ZURICH	public
ERR2743240	39462354566	251	500	WGS	size fractionation	GENOMIC	PAIRED	ILLUMINA	PRJEB28191	SAMEA4827674	Bos taurus	ETH ZURICH	public
ERR2743239	32558153714	251	500	WGS	size fractionation	GENOMIC	PAIRED	ILLUMINA	PRJEB28191	SAMEA4827673	Bos taurus	ETH ZURICH	public
ERR2743238	33063156808	251	500	WGS	size fractionation	GENOMIC	PAIRED	ILLUMINA	PRJEB28191	SAMEA4827672	Bos taurus	ETH ZURICH	public
ERR2743237	35667830348	251	500	WGS	size fractionation	GENOMIC	PAIRED	ILLUMINA	PRJEB28191	SAMEA4827671	Bos taurus	ETH ZURICH	public
ERR2743236	38304499258	251	500	WGS	size fractionation	GENOMIC	PAIRED	ILLUMINA	PRJEB28191	SAMEA4827670	Bos taurus	ETH ZURICH	public
ERR2743235	40255984670	251	500	WGS	size fractionation	GENOMIC	PAIRED	ILLUMINA	PRJEB28191	SAMEA4827669	Bos taurus	ETH ZURICH	public
ERR2743234	34139340864	251	500	WGS	size fractionation	GENOMIC	PAIRED	ILLUMINA	PRJEB28191	SAMEA4827668	Bos taurus	ETH ZURICH	public
ERR2743233	34543318476	251	500	WGS	size fractionation	GENOMIC	PAIRED	ILLUMINA	PRJEB28191	SAMEA4827667	Bos taurus	ETH ZURICH	public
ERR2743232	35162339184	251	500	WGS	size fractionation	GENOMIC	PAIRED	ILLUMINA	PRJEB28191	SAMEA4827666	Bos taurus	ETH ZURICH	public
ERR2743231	40435004404	251	500	WGS	size fractionation	GENOMIC	PAIRED	ILLUMINA	PRJEB28191	SAMEA4827665	Bos taurus	ETH ZURICH	public
ERR2743230	36212598842	251	500	WGS	size fractionation	GENOMIC	PAIRED	ILLUMINA	PRJEB28191	SAMEA4827664	Bos taurus	ETH ZURICH	public
ERR2743229	35884919806	251	500	WGS	size fractionation	GENOMIC	PAIRED	ILLUMINA	PRJEB28191	SAMEA4827663	Bos taurus	ETH ZURICH	public
ERR2743228	55017864256	251	500	WGS	size fractionation	GENOMIC	PAIRED	ILLUMINA	PRJEB28191	SAMEA4827662	Bos taurus	ETH ZURICH	public
ERR2743227	31151274474	251	500	WGS	size fractionation	GENOMIC	PAIRED	ILLUMINA	PRJEB28191	SAMEA4827661	Bos taurus	ETH ZURICH	public
ERR2743226	32280248188	251	500	WGS	size fractionation	GENOMIC	PAIRED	ILLUMINA	PRJEB28191	SAMEA4827660	Bos taurus	ETH ZURICH	public
ERR2743225	30748150876	251	500	WGS	size fractionation	GENOMIC	PAIRED	ILLUMINA	PRJEB28191	SAMEA4827659	Bos taurus	ETH ZURICH	public
ERR2743224	31314600076	251	500	WGS	size fractionation	GENOMIC	PAIRED	ILLUMINA	PRJEB28191	SAMEA4827658	Bos taurus	ETH ZURICH	public
ERR2743223	27146854482	251	500	WGS	size fractionation	GENOMIC	PAIRED	ILLUMINA	PRJEB28191	SAMEA4827657	Bos taurus	ETH ZURICH	public
ERR2743222	38002251470	251	500	WGS	size fractionation	GENOMIC	PAIRED	ILLUMINA	PRJEB28191	SAMEA4827656	Bos taurus	ETH ZURICH	public
ERR2743221	36695951704	251	500	WGS	size fractionation	GENOMIC	PAIRED	ILLUMINA	PRJEB28191	SAMEA4827655	Bos taurus	ETH ZURICH	public
ERR2743220	34568026606	251	500	WGS	size fractionation	GENOMIC	PAIRED	ILLUMINA	PRJEB28191	SAMEA4827654	Bos taurus	ETH ZURICH	public
ERR2743219	31130753098	251	500	WGS	size fractionation	GENOMIC	PAIRED	ILLUMINA	PRJEB28191	SAMEA4827653	Bos taurus	ETH ZURICH	public
ERR2743218	33982331734	251	500	WGS	size fractionation	GENOMIC	PAIRED	ILLUMINA	PRJEB28191	SAMEA4827652	Bos taurus	ETH ZURICH	public
ERR2743217	47593588862	251	500	WGS	size fractionation	GENOMIC	PAIRED	ILLUMINA	PRJEB28191	SAMEA4827651	Bos taurus	ETH ZURICH	public
ERR2743216	33743124814	251	500	WGS	size fractionation	GENOMIC	PAIRED	ILLUMINA	PRJEB28191	SAMEA4827650	Bos taurus	ETH ZURICH	public
ERR2743215	37853358150	251	500	WGS	size fractionation	GENOMIC	PAIRED	ILLUMINA	PRJEB28191	SAMEA4827649	Bos taurus	ETH ZURICH	public
ERR2743214	35256613086	251	500	WGS	size fractionation	GENOMIC	PAIRED	ILLUMINA	PRJEB28191	SAMEA4827648	Bos taurus	ETH ZURICH	public
ERR2743213	48138387940	251	500	WGS	size fractionation	GENOMIC	PAIRED	ILLUMINA	PRJEB28191	SAMEA4827647	Bos taurus	ETH ZURICH	public
ERR2743212	42073989182	251	500	WGS	size fractionation	GENOMIC	PAIRED	ILLUMINA	PRJEB28191	SAMEA4827646	Bos taurus	ETH ZURICH	public
ERR2740799	46924185152	251	500	WGS	size fractionation	GENOMIC	PAIRED	ILLUMINA	PRJEB28191	SAMEA4827645	Bos taurus	ETH ZURICH	public
ERR2561428	55792707419	300	300	WGS	RANDOM	GENOMIC	PAIRED	ILLUMINA	PRJEB18113	SAMEA4644768	Bos taurus	INSTITUTE OF GENETICS, UNIVERSITY OF BERN, SWITZER	public
ERR2561424	41640866516	300	300	WGS	RANDOM	GENOMIC	PAIRED	ILLUMINA	PRJEB18113	SAMEA4644764	Bos taurus	INSTITUTE OF GENETICS, UNIVERSITY OF BERN, SWITZER	public
ERR2561410	54833336513	300	300	WGS	RANDOM	GENOMIC	PAIRED	ILLUMINA	PRJEB18113	SAMEA4644750	Bos taurus	INSTITUTE OF GENETICS, UNIVERSITY OF BERN, SWITZER	public
ERR2561409	52322035134	300	300	WGS	RANDOM	GENOMIC	PAIRED	ILLUMINA	PRJEB18113	SAMEA4644749	Bos taurus	INSTITUTE OF GENETICS, UNIVERSITY OF BERN, SWITZER	public
ERR2561401	57853427292	300	300	WGS	RANDOM	GENOMIC	PAIRED	ILLUMINA	PRJEB18113	SAMEA4644741	Bos taurus	INSTITUTE OF GENETICS, UNIVERSITY OF BERN, SWITZER	public
ERR2561400	57789419307	300	300	WGS	RANDOM	GENOMIC	PAIRED	ILLUMINA	PRJEB18113	SAMEA4644740	Bos taurus	INSTITUTE OF GENETICS, UNIVERSITY OF BERN, SWITZER	public
ERR2561394	56797599522	300	300	WGS	RANDOM	GENOMIC	PAIRED	ILLUMINA	PRJEB18113	SAMEA4644734	Bos taurus	INSTITUTE OF GENETICS, UNIVERSITY OF BERN, SWITZER	public
ERR2561390	53862095850	300	300	WGS	RANDOM	GENOMIC	PAIRED	ILLUMINA	PRJEB18113	SAMEA4644730	Bos taurus	INSTITUTE OF GENETICS, UNIVERSITY OF BERN, SWITZER	public
ERR12542720	143319066429	13124	0	WGS	size fractionation	GENOMIC	SINGLE	PACBIO_SMRT	PRJEB72196	SAMEA115160494	Bos taurus	ETH ZURICH	public
ERR12522411	156303622618	13880	0	WGS	size fractionation	GENOMIC	SINGLE	PACBIO_SMRT	PRJEB42335	SAMEA115129362	Bos taurus	ETH ZURICH	public
ERR10166768	47154991463	15872	0	WGS	RANDOM	GENOMIC	SINGLE	PACBIO_SMRT	PRJEB42335	SAMEA111341792	Bos taurus	ETH ZURICH	public
ERR10166767	62779438653	16430	0	WGS	RANDOM	GENOMIC	SINGLE	PACBIO_SMRT	PRJEB42335	SAMEA111341791	Bos taurus	ETH ZURICH	public
ERR8135893	70050804869	299	0	WGS	RANDOM	GENOMIC	SINGLE	ILLUMINA	PRJEB18113	SAMEA12596601	Bos taurus	INSTITUTE OF GENETICS, UNIVERSITY OF BERN, SWITZER	public
ERR8135892	63511981351	299	0	WGS	RANDOM	GENOMIC	SINGLE	ILLUMINA	PRJEB18113	SAMEA12596600	Bos taurus	INSTITUTE OF GENETICS, UNIVERSITY OF BERN, SWITZER	public
ERR8135891	61854866274	299	0	WGS	RANDOM	GENOMIC	SINGLE	ILLUMINA	PRJEB18113	SAMEA12596599	Bos taurus	INSTITUTE OF GENETICS, UNIVERSITY OF BERN, SWITZER	public
ERR7531211	70928384443	299	300	WGS	RANDOM	GENOMIC	PAIRED	ILLUMINA	PRJEB18113	SAMEA10833860	Bos taurus	INSTITUTE OF GENETICS, UNIVERSITY OF BERN, SWITZER	public
ERR7531185	49983067994	299	300	WGS	RANDOM	GENOMIC	PAIRED	ILLUMINA	PRJEB18113	SAMEA10833834	Bos taurus	INSTITUTE OF GENETICS, UNIVERSITY OF BERN, SWITZER	public
ERR7531184	63266508289	299	300	WGS	RANDOM	GENOMIC	PAIRED	ILLUMINA	PRJEB18113	SAMEA10833833	Bos taurus	INSTITUTE OF GENETICS, UNIVERSITY OF BERN, SWITZER	public
ERR6890253	85492686230	302	400	WGS	RANDOM	GENOMIC	PAIRED	ILLUMINA	PRJEB28191	SAMEA9986201	Bos taurus	ETH ZURICH	public
ERR6890252	84583447884	302	400	WGS	RANDOM	GENOMIC	PAIRED	ILLUMINA	PRJEB28191	SAMEA9986200	Bos taurus	ETH ZURICH	public
ERR6890251	91477890746	302	400	WGS	RANDOM	GENOMIC	PAIRED	ILLUMINA	PRJEB28191	SAMEA9986199	Bos taurus	ETH ZURICH	public
ERR5711630	76818957859	299	300	WGS	RANDOM	GENOMIC	PAIRED	ILLUMINA	PRJEB18113	SAMEA8565035	Bos taurus	INSTITUTE OF GENETICS, UNIVERSITY OF BERN, SWITZER	public
ERR5711629	69825369939	299	300	WGS	RANDOM	GENOMIC	PAIRED	ILLUMINA	PRJEB18113	SAMEA8565034	Bos taurus	INSTITUTE OF GENETICS, UNIVERSITY OF BERN, SWITZER	public
ERR5711691	75282258152	299	300	WGS	RANDOM	GENOMIC	PAIRED	ILLUMINA	PRJEB18113	SAMEA8565096	Bos taurus	INSTITUTE OF GENETICS, UNIVERSITY OF BERN, SWITZER	public
ERR5711624	53406828034	299	300	WGS	RANDOM	GENOMIC	PAIRED	ILLUMINA	PRJEB18113	SAMEA8565029	Bos taurus	INSTITUTE OF GENETICS, UNIVERSITY OF BERN, SWITZER	public
ERR5037721	86877101902	19338	0	WGS	RANDOM	GENOMIC	SINGLE	PACBIO_SMRT	PRJEB42335	SAMEA7759028	Bos taurus	ETH ZURICH	public
ERR4854279	44000712600	300	400	WGS	RANDOM	GENOMIC	PAIRED	ILLUMINA	PRJEB28191	SAMEA7589750	Bos taurus	ETH ZURICH	public
ERR4854278	46796729100	300	400	WGS	RANDOM	GENOMIC	PAIRED	ILLUMINA	PRJEB28191	SAMEA7589749	Bos taurus	ETH ZURICH	public
ERR4854277	41454509400	300	400	WGS	RANDOM	GENOMIC	PAIRED	ILLUMINA	PRJEB28191	SAMEA7589748	Bos taurus	ETH ZURICH	public
ERR4854276	50519298900	300	400	WGS	RANDOM	GENOMIC	PAIRED	ILLUMINA	PRJEB28191	SAMEA7589747	Bos taurus	ETH ZURICH	public
ERR6473937	32702932800	300	400	WGS	RANDOM	GENOMIC	PAIRED	ILLUMINA	PRJEB28191	SAMEA9533802	Bos taurus	ETH ZURICH	public
ERR6473936	29557227300	300	400	WGS	RANDOM	GENOMIC	PAIRED	ILLUMINA	PRJEB28191	SAMEA9533801	Bos taurus	ETH ZURICH	public
ERR6473935	38052537600	300	400	WGS	RANDOM	GENOMIC	PAIRED	ILLUMINA	PRJEB28191	SAMEA9533800	Bos taurus	ETH ZURICH	public
ERR6473934	31347072900	300	400	WGS	RANDOM	GENOMIC	PAIRED	ILLUMINA	PRJEB28191	SAMEA9533799	Bos taurus	ETH ZURICH	public
ERR6473930	30911428500	300	400	WGS	RANDOM	GENOMIC	PAIRED	ILLUMINA	PRJEB28191	SAMEA9533795	Bos taurus	ETH ZURICH	public
ERR6473928	29957151300	300	400	WGS	RANDOM	GENOMIC	PAIRED	ILLUMINA	PRJEB28191	SAMEA9533793	Bos taurus	ETH ZURICH	public
ERR6473926	30235763400	300	400	WGS	RANDOM	GENOMIC	PAIRED	ILLUMINA	PRJEB28191	SAMEA9533791	Bos taurus	ETH ZURICH	public
ERR6473924	35284725300	300	400	WGS	RANDOM	GENOMIC	PAIRED	ILLUMINA	PRJEB28191	SAMEA9533789	Bos taurus	ETH ZURICH	public
ERR6473923	36944889600	300	400	WGS	RANDOM	GENOMIC	PAIRED	ILLUMINA	PRJEB28191	SAMEA9533788	Bos taurus	ETH ZURICH	public
ERR6473922	40071799800	300	400	WGS	RANDOM	GENOMIC	PAIRED	ILLUMINA	PRJEB28191	SAMEA9533787	Bos taurus	ETH ZURICH	public
ERR6473921	37519299000	300	400	WGS	RANDOM	GENOMIC	PAIRED	ILLUMINA	PRJEB28191	SAMEA9533786	Bos taurus	ETH ZURICH	public
ERR6473920	34336040100	300	400	WGS	RANDOM	GENOMIC	PAIRED	ILLUMINA	PRJEB28191	SAMEA9533785	Bos taurus	ETH ZURICH	public
SRR4001640	3185332340	300	0	WGS	RANDOM	GENOMIC	PAIRED	ILLUMINA	PRJNA324822	SAMN05216096	Bos taurus	UNIVERSITY OF LOUISVILLE	public
SRR4001641	3149711809	300	0	WGS	RANDOM	GENOMIC	PAIRED	ILLUMINA	PRJNA324822	SAMN05216096	Bos taurus	UNIVERSITY OF LOUISVILLE	public
SRR4001642	3084033675	300	0	WGS	RANDOM	GENOMIC	PAIRED	ILLUMINA	PRJNA324822	SAMN05216096	Bos taurus	UNIVERSITY OF LOUISVILLE	public
SRR4001643	2991647099	300	0	WGS	RANDOM	GENOMIC	PAIRED	ILLUMINA	PRJNA324822	SAMN05216096	Bos taurus	UNIVERSITY OF LOUISVILLE	public
SRR4001645	4008744396	300	0	WGS	RANDOM	GENOMIC	PAIRED	ILLUMINA	PRJNA324822	SAMN05216096	Bos taurus	UNIVERSITY OF LOUISVILLE	public
SRR4001646	3809449346	300	0	WGS	RANDOM	GENOMIC	PAIRED	ILLUMINA	PRJNA324822	SAMN05216096	Bos taurus	UNIVERSITY OF LOUISVILLE	public
SRR4001647	3876766563	300	0	WGS	RANDOM	GENOMIC	PAIRED	ILLUMINA	PRJNA324822	SAMN05216096	Bos taurus	UNIVERSITY OF LOUISVILLE	public
SRR4001648	3924621544	300	0	WGS	RANDOM	GENOMIC	PAIRED	ILLUMINA	PRJNA324822	SAMN05216096	Bos taurus	UNIVERSITY OF LOUISVILLE	public
SRR4001649	2565740379	300	0	WGS	RANDOM	GENOMIC	PAIRED	ILLUMINA	PRJNA324822	SAMN05216096	Bos taurus	UNIVERSITY OF LOUISVILLE	public
SRR4001650	2565897791	300	0	WGS	RANDOM	GENOMIC	PAIRED	ILLUMINA	PRJNA324822	SAMN05216096	Bos taurus	UNIVERSITY OF LOUISVILLE	public
SRR4001651	2568635754	300	0	WGS	RANDOM	GENOMIC	PAIRED	ILLUMINA	PRJNA324822	SAMN05216096	Bos taurus	UNIVERSITY OF LOUISVILLE	public
SRR4001652	2498417534	300	0	WGS	RANDOM	GENOMIC	PAIRED	ILLUMINA	PRJNA324822	SAMN05216096	Bos taurus	UNIVERSITY OF LOUISVILLE	public
SRR4001653	2492790405	248	0	WGS	RANDOM	GENOMIC	PAIRED	ILLUMINA	PRJNA324822	SAMN05216096	Bos taurus	UNIVERSITY OF LOUISVILLE	public
SRR4001654	2425497196	248	0	WGS	RANDOM	GENOMIC	PAIRED	ILLUMINA	PRJNA324822	SAMN05216096	Bos taurus	UNIVERSITY OF LOUISVILLE	public
SRR4001656	2372992531	248	0	WGS	RANDOM	GENOMIC	PAIRED	ILLUMINA	PRJNA324822	SAMN05216096	Bos taurus	UNIVERSITY OF LOUISVILLE	public
SRR4001657	2353427979	248	0	WGS	RANDOM	GENOMIC	PAIRED	ILLUMINA	PRJNA324822	SAMN05216096	Bos taurus	UNIVERSITY OF LOUISVILLE	public
SRR4001658	5323296454	300	0	WGS	RANDOM	GENOMIC	PAIRED	ILLUMINA	PRJNA324822	SAMN05216095	Bos taurus	UNIVERSITY OF LOUISVILLE	public
SRR4001659	5197344651	300	0	WGS	RANDOM	GENOMIC	PAIRED	ILLUMINA	PRJNA324822	SAMN05216095	Bos taurus	UNIVERSITY OF LOUISVILLE	public
SRR4001660	5134465114	300	0	WGS	RANDOM	GENOMIC	PAIRED	ILLUMINA	PRJNA324822	SAMN05216095	Bos taurus	UNIVERSITY OF LOUISVILLE	public
SRR4001661	3977960093	300	0	WGS	RANDOM	GENOMIC	PAIRED	ILLUMINA	PRJNA324822	SAMN05216095	Bos taurus	UNIVERSITY OF LOUISVILLE	public
SRR4001662	3993561894	300	0	WGS	RANDOM	GENOMIC	PAIRED	ILLUMINA	PRJNA324822	SAMN05216095	Bos taurus	UNIVERSITY OF LOUISVILLE	public
SRR4001663	3857234388	300	0	WGS	RANDOM	GENOMIC	PAIRED	ILLUMINA	PRJNA324822	SAMN05216095	Bos taurus	UNIVERSITY OF LOUISVILLE	public
SRR4001664	3854838570	300	0	WGS	RANDOM	GENOMIC	PAIRED	ILLUMINA	PRJNA324822	SAMN05216095	Bos taurus	UNIVERSITY OF LOUISVILLE	public
SRR4001665	3956220912	300	0	WGS	RANDOM	GENOMIC	PAIRED	ILLUMINA	PRJNA324822	SAMN05216095	Bos taurus	UNIVERSITY OF LOUISVILLE	public
SRR4001667	3849129219	300	0	WGS	RANDOM	GENOMIC	PAIRED	ILLUMINA	PRJNA324822	SAMN05216095	Bos taurus	UNIVERSITY OF LOUISVILLE	public
SRR4001668	3844620630	300	0	WGS	RANDOM	GENOMIC	PAIRED	ILLUMINA	PRJNA324822	SAMN05216095	Bos taurus	UNIVERSITY OF LOUISVILLE	public
SRR4001669	3768282771	300	0	WGS	RANDOM	GENOMIC	PAIRED	ILLUMINA	PRJNA324822	SAMN05216095	Bos taurus	UNIVERSITY OF LOUISVILLE	public
SRR4001670	2637706216	300	0	WGS	RANDOM	GENOMIC	PAIRED	ILLUMINA	PRJNA324822	SAMN05216094	Bos taurus	UNIVERSITY OF LOUISVILLE	public
SRR4001671	2528897882	300	0	WGS	RANDOM	GENOMIC	PAIRED	ILLUMINA	PRJNA324822	SAMN05216094	Bos taurus	UNIVERSITY OF LOUISVILLE	public
SRR4001672	3033331848	300	0	WGS	RANDOM	GENOMIC	PAIRED	ILLUMINA	PRJNA324822	SAMN05216094	Bos taurus	UNIVERSITY OF LOUISVILLE	public
SRR4001673	2894085793	300	0	WGS	RANDOM	GENOMIC	PAIRED	ILLUMINA	PRJNA324822	SAMN05216094	Bos taurus	UNIVERSITY OF LOUISVILLE	public
SRR4001674	3874948108	302	0	WGS	RANDOM	GENOMIC	PAIRED	ILLUMINA	PRJNA324822	SAMN05216094	Bos taurus	UNIVERSITY OF LOUISVILLE	public
SRR4001675	3826630826	302	0	WGS	RANDOM	GENOMIC	PAIRED	ILLUMINA	PRJNA324822	SAMN05216094	Bos taurus	UNIVERSITY OF LOUISVILLE	public
SRR4001676	3810129546	302	0	WGS	RANDOM	GENOMIC	PAIRED	ILLUMINA	PRJNA324822	SAMN05216094	Bos taurus	UNIVERSITY OF LOUISVILLE	public
SRR4001678	3721414328	302	0	WGS	RANDOM	GENOMIC	PAIRED	ILLUMINA	PRJNA324822	SAMN05216094	Bos taurus	UNIVERSITY OF LOUISVILLE	public
SRR4001679	4943218323	300	0	WGS	RANDOM	GENOMIC	PAIRED	ILLUMINA	PRJNA324822	SAMN05216094	Bos taurus	UNIVERSITY OF LOUISVILLE	public
SRR4001680	4915673313	300	0	WGS	RANDOM	GENOMIC	PAIRED	ILLUMINA	PRJNA324822	SAMN05216094	Bos taurus	UNIVERSITY OF LOUISVILLE	public
SRR4001681	4940833265	300	0	WGS	RANDOM	GENOMIC	PAIRED	ILLUMINA	PRJNA324822	SAMN05216094	Bos taurus	UNIVERSITY OF LOUISVILLE	public
SRR4001682	4792121893	300	0	WGS	RANDOM	GENOMIC	PAIRED	ILLUMINA	PRJNA324822	SAMN05216094	Bos taurus	UNIVERSITY OF LOUISVILLE	public
SRR4001683	1602432763	300	0	WGS	RANDOM	GENOMIC	PAIRED	ILLUMINA	PRJNA324822	SAMN05216094	Bos taurus	UNIVERSITY OF LOUISVILLE	public
SRR4001684	1600791205	300	0	WGS	RANDOM	GENOMIC	PAIRED	ILLUMINA	PRJNA324822	SAMN05216094	Bos taurus	UNIVERSITY OF LOUISVILLE	public
SRR4001685	1543231625	300	0	WGS	RANDOM	GENOMIC	PAIRED	ILLUMINA	PRJNA324822	SAMN05216094	Bos taurus	UNIVERSITY OF LOUISVILLE	public
SRR4001686	1498070050	300	0	WGS	RANDOM	GENOMIC	PAIRED	ILLUMINA	PRJNA324822	SAMN05216094	Bos taurus	UNIVERSITY OF LOUISVILLE	public
SRR4001687	5788141664	302	0	WGS	RANDOM	GENOMIC	PAIRED	ILLUMINA	PRJNA324822	SAMN05216093	Bos taurus	UNIVERSITY OF LOUISVILLE	public
SRR4001689	5731445694	302	0	WGS	RANDOM	GENOMIC	PAIRED	ILLUMINA	PRJNA324822	SAMN05216093	Bos taurus	UNIVERSITY OF LOUISVILLE	public
SRR4001690	5657785780	302	0	WGS	RANDOM	GENOMIC	PAIRED	ILLUMINA	PRJNA324822	SAMN05216093	Bos taurus	UNIVERSITY OF LOUISVILLE	public
SRR4001691	5478559954	302	0	WGS	RANDOM	GENOMIC	PAIRED	ILLUMINA	PRJNA324822	SAMN05216093	Bos taurus	UNIVERSITY OF LOUISVILLE	public
SRR4001692	1527294518	300	0	WGS	RANDOM	GENOMIC	PAIRED	ILLUMINA	PRJNA324822	SAMN05216093	Bos taurus	UNIVERSITY OF LOUISVILLE	public
SRR4001693	1496436078	300	0	WGS	RANDOM	GENOMIC	PAIRED	ILLUMINA	PRJNA324822	SAMN05216093	Bos taurus	UNIVERSITY OF LOUISVILLE	public
SRR4001694	1474010001	300	0	WGS	RANDOM	GENOMIC	PAIRED	ILLUMINA	PRJNA324822	SAMN05216093	Bos taurus	UNIVERSITY OF LOUISVILLE	public
SRR4001695	1445328531	300	0	WGS	RANDOM	GENOMIC	PAIRED	ILLUMINA	PRJNA324822	SAMN05216093	Bos taurus	UNIVERSITY OF LOUISVILLE	public
SRR4001696	1287022163	300	0	WGS	RANDOM	GENOMIC	PAIRED	ILLUMINA	PRJNA324822	SAMN05216093	Bos taurus	UNIVERSITY OF LOUISVILLE	public
SRR4001697	1277872098	300	0	WGS	RANDOM	GENOMIC	PAIRED	ILLUMINA	PRJNA324822	SAMN05216093	Bos taurus	UNIVERSITY OF LOUISVILLE	public
SRR4001698	1288933299	300	0	WGS	RANDOM	GENOMIC	PAIRED	ILLUMINA	PRJNA324822	SAMN05216093	Bos taurus	UNIVERSITY OF LOUISVILLE	public
SRR4001700	1244377084	300	0	WGS	RANDOM	GENOMIC	PAIRED	ILLUMINA	PRJNA324822	SAMN05216093	Bos taurus	UNIVERSITY OF LOUISVILLE	public
SRR4001701	3860699954	300	0	WGS	RANDOM	GENOMIC	PAIRED	ILLUMINA	PRJNA324822	SAMN05216093	Bos taurus	UNIVERSITY OF LOUISVILLE	public
SRR4001702	3749011780	300	0	WGS	RANDOM	GENOMIC	PAIRED	ILLUMINA	PRJNA324822	SAMN05216093	Bos taurus	UNIVERSITY OF LOUISVILLE	public
SRR4001703	3739995119	300	0	WGS	RANDOM	GENOMIC	PAIRED	ILLUMINA	PRJNA324822	SAMN05216093	Bos taurus	UNIVERSITY OF LOUISVILLE	public
SRR4001704	3675737114	300	0	WGS	RANDOM	GENOMIC	PAIRED	ILLUMINA	PRJNA324822	SAMN05216093	Bos taurus	UNIVERSITY OF LOUISVILLE	public
